,frame_count,emotion_index,gaze_yaw,gaze_pitch,au_shape_dim1,au_shape_dim2,au_shape_dim3,au_shape_dim4,au_shape_dim5,au_shape_dim6,au_shape_dim7,au_shape_dim8,mp_pose_yaw_deg,mp_pose_pitch_deg,mp_pose_roll_deg,detection_result,bs__neutral,bs_browDownLeft,bs_browDownRight,bs_browInnerUp,bs_browOuterUpLeft,bs_browOuterUpRight,bs_cheekPuff,bs_cheekSquintLeft,bs_cheekSquintRight,bs_eyeBlinkLeft,bs_eyeBlinkRight,bs_eyeLookDownLeft,bs_eyeLookDownRight,bs_eyeLookInLeft,bs_eyeLookInRight,bs_eyeLookOutLeft,bs_eyeLookOutRight,bs_eyeLookUpLeft,bs_eyeLookUpRight,bs_eyeSquintLeft,bs_eyeSquintRight,bs_eyeWideLeft,bs_eyeWideRight,bs_jawForward,bs_jawLeft,bs_jawOpen,bs_jawRight,bs_mouthClose,bs_mouthDimpleLeft,bs_mouthDimpleRight,bs_mouthFrownLeft,bs_mouthFrownRight,bs_mouthFunnel,bs_mouthLeft,bs_mouthLowerDownLeft,bs_mouthLowerDownRight,bs_mouthPressLeft,bs_mouthPressRight,bs_mouthPucker,bs_mouthRight,bs_mouthRollLower,bs_mouthRollUpper,bs_mouthShrugLower,bs_mouthShrugUpper,bs_mouthSmileLeft,bs_mouthSmileRight,bs_mouthStretchLeft,bs_mouthStretchRight,bs_mouthUpperUpLeft,bs_mouthUpperUpRight,bs_noseSneerLeft,bs_noseSneerRight
0,0,3,-0.2257919,-0.024157941,0.9541765,0.0322622,0.70890343,0.018819578,0.46630862,0.2356238,0.7729404,0.019686898,,,,No MP Data,,,,,,,,,,,,,,,,,,,,,,,,,,,,,,,,,,,,,,,,,,,,,,,,,,,,
1,1,2,-0.22816533,-0.056911338,0.97026515,0.0,0.5592454,0.009933051,0.96151876,0.055341933,0.19336015,0.0,,,,No MP Data,,,,,,,,,,,,,,,,,,,,,,,,,,,,,,,,,,,,,,,,,,,,,,,,,,,,
2,2,2,-0.63397145,-0.64291257,0.2887771,0.0,0.05452483,0.0027631319,0.0021787807,0.19398901,0.92758083,0.0,,,,No MP Data,,,,,,,,,,,,,,,,,,,,,,,,,,,,,,,,,,,,,,,,,,,,,,,,,,,,
3,3,7,-0.17450774,0.052956555,0.0,0.0,0.0,0.3600801,0.0,0.997398,0.9641279,0.05842458,,,,No MP Data,,,,,,,,,,,,,,,,,,,,,,,,,,,,,,,,,,,,,,,,,,,,,,,,,,,,
4,4,7,-0.19467074,0.0957703,0.0,0.0,0.0,0.22556508,0.0,0.99765384,0.9763957,0.30415553,,,,No MP Data,,,,,,,,,,,,,,,,,,,,,,,,,,,,,,,,,,,,,,,,,,,,,,,,,,,,
5,5,3,-0.25587788,-0.007896827,0.42859918,0.03957526,0.029110692,0.0241003,0.000614051,0.721853,0.61747074,0.023718983,,,,No MP Data,,,,,,,,,,,,,,,,,,,,,,,,,,,,,,,,,,,,,,,,,,,,,,,,,,,,
6,6,5,-0.2915709,-0.01829711,0.7196648,0.0,0.013878148,0.004654206,0.006710235,0.1940693,0.6622186,0.021207979,,,,No MP Data,,,,,,,,,,,,,,,,,,,,,,,,,,,,,,,,,,,,,,,,,,,,,,,,,,,,
7,7,7,-0.14354768,0.022967111,0.0,0.0,0.0,0.045813434,0.0,0.9943364,0.5293806,0.10074782,,,,No MP Data,,,,,,,,,,,,,,,,,,,,,,,,,,,,,,,,,,,,,,,,,,,,,,,,,,,,
8,8,3,-0.271102,-0.025258262,0.80447197,0.008581212,0.0044116494,0.012055855,0.0,0.48884696,0.9299022,0.0,,,,No MP Data,,,,,,,,,,,,,,,,,,,,,,,,,,,,,,,,,,,,,,,,,,,,,,,,,,,,
9,9,3,-0.259766,-0.085338145,0.6139771,0.0,0.0,0.0065485435,0.0,0.87305415,0.9060132,0.0,,,,No MP Data,,,,,,,,,,,,,,,,,,,,,,,,,,,,,,,,,,,,,,,,,,,,,,,,,,,,
10,10,2,-0.23092091,0.0074291527,0.5335138,0.0,0.0023741734,0.08775696,0.0012768158,0.92217493,0.6117278,0.0,,,,No MP Data,,,,,,,,,,,,,,,,,,,,,,,,,,,,,,,,,,,,,,,,,,,,,,,,,,,,
11,11,3,-0.22904873,0.01851705,0.10303889,0.00053321186,0.0020757013,0.05662421,0.06561229,0.46420556,0.09339613,0.0,,,,No MP Data,,,,,,,,,,,,,,,,,,,,,,,,,,,,,,,,,,,,,,,,,,,,,,,,,,,,
12,12,4,-0.25843698,0.008382655,0.92863333,0.0,0.14601895,0.011048779,0.0032663909,0.9385157,0.6851557,0.0,,,,No MP Data,,,,,,,,,,,,,,,,,,,,,,,,,,,,,,,,,,,,,,,,,,,,,,,,,,,,
13,13,3,-0.32954514,-0.09655128,0.11308401,0.0,0.0016188925,0.06836194,0.009290366,0.18902232,0.46583074,0.0007041113,,,,No MP Data,,,,,,,,,,,,,,,,,,,,,,,,,,,,,,,,,,,,,,,,,,,,,,,,,,,,
14,14,4,-0.5604927,-0.3961254,0.48745963,0.0,0.49361977,0.0075013824,0.0019993824,0.20604198,0.6338732,0.0,,,,No MP Data,,,,,,,,,,,,,,,,,,,,,,,,,,,,,,,,,,,,,,,,,,,,,,,,,,,,
15,15,5,-0.2988498,0.034182064,0.46717313,0.009537474,0.04924298,0.011165662,0.8365618,0.9396599,0.20289746,0.0,,,,No MP Data,,,,,,,,,,,,,,,,,,,,,,,,,,,,,,,,,,,,,,,,,,,,,,,,,,,,
16,16,4,-0.36854836,-0.16349629,0.48595133,0.0064948015,0.014824839,0.019094717,0.0,0.42163673,0.647706,0.0,,,,No MP Data,,,,,,,,,,,,,,,,,,,,,,,,,,,,,,,,,,,,,,,,,,,,,,,,,,,,
17,17,5,-0.46685308,-0.29959872,0.73900473,0.0,0.023770925,0.0005290244,0.7298733,0.46186712,0.3330667,0.0,,,,No MP Data,,,,,,,,,,,,,,,,,,,,,,,,,,,,,,,,,,,,,,,,,,,,,,,,,,,,
18,18,5,-0.23365635,-0.03807916,0.3621656,0.0,0.031087548,0.01968496,0.38957834,0.90608203,0.41714108,0.0,,,,No MP Data,,,,,,,,,,,,,,,,,,,,,,,,,,,,,,,,,,,,,,,,,,,,,,,,,,,,
19,19,2,-0.59103936,-0.54786986,0.50143313,0.0,0.009153506,0.023976963,0.0,0.53616595,0.9761751,0.0,,,,No MP Data,,,,,,,,,,,,,,,,,,,,,,,,,,,,,,,,,,,,,,,,,,,,,,,,,,,,
20,20,2,-0.46818078,-0.31943318,0.95292544,0.0,0.7196742,0.0,0.8869724,0.8845372,0.4967802,0.0,,,,No MP Data,,,,,,,,,,,,,,,,,,,,,,,,,,,,,,,,,,,,,,,,,,,,,,,,,,,,
21,21,2,-0.41006482,-0.2741624,0.96516347,8.9443136e-05,0.49025315,0.0,0.0,0.6627757,0.06400034,0.0,,,,No MP Data,,,,,,,,,,,,,,,,,,,,,,,,,,,,,,,,,,,,,,,,,,,,,,,,,,,,
22,22,1,-0.16741937,-0.030479211,0.0,0.0,0.0,0.4490173,0.0,0.99579567,0.9595697,0.31602952,,,,No MP Data,,,,,,,,,,,,,,,,,,,,,,,,,,,,,,,,,,,,,,,,,,,,,,,,,,,,
23,23,3,-0.48462945,-0.40765807,0.9376327,0.0,0.6707666,0.0,0.0,0.7387632,0.9313892,0.0,,,,No MP Data,,,,,,,,,,,,,,,,,,,,,,,,,,,,,,,,,,,,,,,,,,,,,,,,,,,,
24,24,5,-0.5502431,-0.52913463,0.81211513,0.0,0.6754587,0.0141956955,0.0061091017,0.75456035,0.93285066,0.0,,,,No MP Data,,,,,,,,,,,,,,,,,,,,,,,,,,,,,,,,,,,,,,,,,,,,,,,,,,,,
25,25,5,-0.43545058,-0.3436974,0.8414731,0.0,0.39125216,0.039930634,0.0054534636,0.94084847,0.9015753,0.0,,,,No MP Data,,,,,,,,,,,,,,,,,,,,,,,,,,,,,,,,,,,,,,,,,,,,,,,,,,,,
26,26,2,-0.60550934,-0.5013333,0.8385731,1.9615409e-05,0.12313758,0.0,0.82883525,0.58186257,0.14495695,0.0,,,,No MP Data,,,,,,,,,,,,,,,,,,,,,,,,,,,,,,,,,,,,,,,,,,,,,,,,,,,,
27,27,2,-0.34276474,-0.18056922,0.9672353,0.005514789,0.40284657,0.020167466,0.042876497,0.92669755,0.92433316,0.005117381,,,,No MP Data,,,,,,,,,,,,,,,,,,,,,,,,,,,,,,,,,,,,,,,,,,,,,,,,,,,,
28,28,2,-0.38723278,-0.2046669,0.98148537,0.018056411,0.88593495,0.0,0.005211278,0.8757999,0.9295466,0.0,,,,No MP Data,,,,,,,,,,,,,,,,,,,,,,,,,,,,,,,,,,,,,,,,,,,,,,,,,,,,
29,29,5,-0.5198263,-0.34355095,0.61238366,2.3421251e-05,0.004580792,1.3070454e-05,0.82704407,0.5624453,0.06120531,0.0,,,,No MP Data,,,,,,,,,,,,,,,,,,,,,,,,,,,,,,,,,,,,,,,,,,,,,,,,,,,,
30,30,2,-0.49114367,-0.29801622,0.9370047,0.0,0.8340203,0.0,0.05471193,0.77170587,0.764171,0.0,,,,No MP Data,,,,,,,,,,,,,,,,,,,,,,,,,,,,,,,,,,,,,,,,,,,,,,,,,,,,
31,31,2,-0.661267,-0.53113383,0.67957366,0.0,0.5209004,0.0,0.5799661,0.5673348,0.20019709,0.0,5.940161219455171,-20.51745294753971,11.178133705794982,Extracted Data,5.668961193805444e-07,0.005903288256376982,0.5150331854820251,0.0014959857799112797,0.08176889270544052,0.004278768785297871,4.3603442463791e-05,3.583124907891033e-08,3.405820052648778e-07,0.38501471281051636,0.8308942317962646,0.02451064996421337,0.04305805638432503,0.01131680142134428,0.37673383951187134,0.40673691034317017,0.005690711084753275,0.2794919013977051,0.23626762628555298,0.7254881858825684,0.14018456637859344,0.0011303673963993788,5.0469076086301357e-05,7.732825179118663e-05,0.011059573851525784,0.3043876886367798,0.0008175992988981307,0.05917476862668991,0.002903945045545697,0.026838477700948715,3.89888919016812e-06,4.499937858781777e-06,0.00781884416937828,0.00018590908439364284,0.006061631720513105,0.0034050822723656893,0.0075635528191924095,0.010458472184836864,0.2484956681728363,0.02238587476313114,0.016908040270209312,0.04312034323811531,0.001108231139369309,0.0012867613695561886,6.145284714875743e-05,9.023719758260995e-05,3.2633044611429796e-05,0.0002254591090604663,1.360083024337655e-05,1.675959356362e-05,1.7988999161389074e-06,8.961242770055833e-08
32,32,4,-0.70565826,-0.572415,0.42478454,0.0,0.3757079,0.0,0.60778195,0.62215334,0.3231806,0.0,,,,No MP Data,,,,,,,,,,,,,,,,,,,,,,,,,,,,,,,,,,,,,,,,,,,,,,,,,,,,
33,33,5,-0.52231133,-0.36352766,0.9238798,0.011297411,0.028934287,0.0,0.822987,0.3160271,0.13139355,0.0,,,,No MP Data,,,,,,,,,,,,,,,,,,,,,,,,,,,,,,,,,,,,,,,,,,,,,,,,,,,,
34,34,2,-0.58994913,-0.39908174,0.78743315,0.00019044544,0.10957067,0.0,0.8006885,0.12117828,0.09839265,0.0,,,,No MP Data,,,,,,,,,,,,,,,,,,,,,,,,,,,,,,,,,,,,,,,,,,,,,,,,,,,,
35,35,5,-0.47070408,-0.26161683,0.85925835,0.011101587,0.036740325,0.0,0.6891074,0.22692376,0.1885049,0.0,,,,No MP Data,,,,,,,,,,,,,,,,,,,,,,,,,,,,,,,,,,,,,,,,,,,,,,,,,,,,
36,36,4,-0.47590667,-0.36891133,0.67483026,0.0,0.8271267,0.0,0.020767381,0.7419173,0.86790544,0.0,,,,No MP Data,,,,,,,,,,,,,,,,,,,,,,,,,,,,,,,,,,,,,,,,,,,,,,,,,,,,
37,37,3,-0.41161436,-0.12114242,0.5767478,0.002775454,0.035924725,0.0,0.009597963,0.40156877,0.33330274,0.0,,,,No MP Data,,,,,,,,,,,,,,,,,,,,,,,,,,,,,,,,,,,,,,,,,,,,,,,,,,,,
38,38,5,-0.5566192,-0.4293714,0.0068873935,0.0,0.007603328,0.0059822598,0.42476547,0.09253939,0.23216519,0.0,,,,No MP Data,,,,,,,,,,,,,,,,,,,,,,,,,,,,,,,,,,,,,,,,,,,,,,,,,,,,
39,39,5,-0.4533199,-0.20826598,0.04569959,0.0,0.026110413,8.734423e-05,0.40137237,0.6431936,0.10943647,0.0,,,,No MP Data,,,,,,,,,,,,,,,,,,,,,,,,,,,,,,,,,,,,,,,,,,,,,,,,,,,,
40,40,5,-0.30546972,0.041525662,0.058914464,0.0,0.1190512,0.0012458971,0.3766516,0.91715217,0.12617975,0.0,,,,No MP Data,,,,,,,,,,,,,,,,,,,,,,,,,,,,,,,,,,,,,,,,,,,,,,,,,,,,
41,41,5,-0.3735857,-0.117023624,0.09135337,0.0016282313,0.009133749,0.00037977338,0.027949397,0.7574021,0.29053003,0.0,,,,No MP Data,,,,,,,,,,,,,,,,,,,,,,,,,,,,,,,,,,,,,,,,,,,,,,,,,,,,
42,42,2,-0.5960727,-0.43770152,0.37439823,0.00087001186,0.03654346,0.0,0.42087656,0.30007493,0.104885146,0.0,,,,No MP Data,,,,,,,,,,,,,,,,,,,,,,,,,,,,,,,,,,,,,,,,,,,,,,,,,,,,
43,43,5,-0.2842603,0.011490155,0.11352649,0.0,0.01934628,0.012117018,0.22543348,0.83612376,0.028229494,0.0,,,,No MP Data,,,,,,,,,,,,,,,,,,,,,,,,,,,,,,,,,,,,,,,,,,,,,,,,,,,,
44,44,5,-0.40666503,-0.2220481,0.65366733,0.0,0.0005441394,0.06811563,0.01874839,0.69687563,0.110846,0.0,,,,No MP Data,,,,,,,,,,,,,,,,,,,,,,,,,,,,,,,,,,,,,,,,,,,,,,,,,,,,
45,45,2,-0.27631804,-0.084667295,0.95411295,0.0,0.2738744,0.0,0.009045728,0.20291479,0.5668968,0.0,,,,No MP Data,,,,,,,,,,,,,,,,,,,,,,,,,,,,,,,,,,,,,,,,,,,,,,,,,,,,
46,46,7,-0.16148527,-0.103813194,0.0,0.0,0.0,0.15740937,0.0,0.9855683,0.12449021,0.15520394,,,,No MP Data,,,,,,,,,,,,,,,,,,,,,,,,,,,,,,,,,,,,,,,,,,,,,,,,,,,,
47,47,1,-0.13209218,-0.1153411,0.0,0.0,0.0,0.024517942,0.0,0.9063227,0.13443545,0.09874885,,,,No MP Data,,,,,,,,,,,,,,,,,,,,,,,,,,,,,,,,,,,,,,,,,,,,,,,,,,,,
48,48,5,-0.3713506,-0.17015927,0.17535096,0.0,0.005283345,0.0039048675,0.10950938,0.14373553,0.622177,0.0,-4.517346113992216,-9.212321675681356,12.13197983973235,Extracted Data,2.8617505449801683e-06,0.0004327302158344537,0.1884431689977646,0.008366262540221214,0.7768930792808533,0.009643414989113808,0.0008109199698083103,1.6853313127285219e-06,3.3028363759513013e-06,0.07605446130037308,0.4615075886249542,0.00420817406848073,0.40086638927459717,0.0070391190238296986,0.0416453592479229,0.3380065858364105,0.15849991142749786,0.6390702724456787,0.042281970381736755,0.6762071251869202,0.045357704162597656,0.009047077968716621,0.0009179959306493402,0.000663348997477442,0.0018644069787114859,0.0704878568649292,0.00014025003474671394,0.006911907810717821,0.03653320297598839,0.0025455921422690153,0.0001459382619941607,0.0002039097307715565,0.013571694493293762,0.07271701842546463,0.005002593621611595,0.015401330776512623,0.04367471858859062,0.021394049748778343,0.029483795166015625,3.9040747651597485e-05,0.006324611138552427,0.004067473113536835,0.013707787729799747,0.07260095328092575,0.9347929358482361,0.8362877368927002,0.006437193136662245,0.024636907503008842,0.47536399960517883,0.2844782769680023,6.544186817336595e-06,9.115284228755627e-06
49,49,5,-0.34926844,-0.22728713,0.14490902,0.0005229457,0.006856357,0.0008428326,0.13241234,0.7057884,0.44887322,0.0,,,,No MP Data,,,,,,,,,,,,,,,,,,,,,,,,,,,,,,,,,,,,,,,,,,,,,,,,,,,,
50,50,4,-0.683715,-0.7431146,0.9579437,0.00010943697,0.2334911,0.0,0.35042197,0.026067838,0.7596121,0.0056246165,,,,No MP Data,,,,,,,,,,,,,,,,,,,,,,,,,,,,,,,,,,,,,,,,,,,,,,,,,,,,
51,51,4,-0.62616044,-0.6593586,0.046207912,0.0,0.01648633,0.0,0.42713785,0.004698763,0.39959618,0.0,-5.567246559217105,-12.059285630857543,9.49791831022021,Extracted Data,2.3355310077022295e-06,7.286365143954754e-05,0.015600371174514294,0.03715191036462784,0.9346811175346375,0.14111556112766266,0.0003598207258619368,1.026682298288506e-06,4.997891210223315e-06,0.07644244283437729,0.30454814434051514,0.00199794746004045,0.345895916223526,0.005935755092650652,0.028480468317866325,0.40113696455955505,0.20952875912189484,0.6987478733062744,0.05095071718096733,0.6764520406723022,0.020413465797901154,0.00929089542478323,0.0020525779109448195,0.0002834846673067659,0.0001265317405341193,0.00918374303728342,0.0004029881674796343,0.0012990403920412064,0.09688059985637665,0.0006993514834903181,1.018193597701611e-05,2.0599147319444455e-05,0.02028324082493782,0.16387292742729187,0.0014419404324144125,0.007432639133185148,0.10343899577856064,0.014968352392315865,0.11736496537923813,8.684023487148806e-05,0.001989726908504963,0.002139466814696789,0.01131200511008501,0.07407724112272263,0.9321275353431702,0.7179932594299316,0.0015492759412154555,0.013941293582320213,0.4386395812034607,0.1447449028491974,2.8774844395229593e-05,5.5430059546779376e-06
52,52,4,-0.76387244,-0.8232361,0.63740796,0.0,0.5049123,0.0,0.084600225,0.16715719,0.61680466,0.0,-4.485317031675822,-11.292046582111718,7.900566304180493,Extracted Data,2.66112601821078e-06,0.0002167088823625818,0.10223831236362457,0.014947064220905304,0.8350354433059692,0.03335649520158768,0.000630746188107878,1.5455888160431641e-06,8.970551789388992e-06,0.03791739046573639,0.36608585715293884,0.002175039378926158,0.37276309728622437,0.0125226229429245,0.018931007012724876,0.24862442910671234,0.2647795081138611,0.7065465450286865,0.04902803525328636,0.6117061972618103,0.02260771207511425,0.020656956359744072,0.0015708280261605978,0.000593881297390908,0.0007713238010182977,0.01941731944680214,0.0001692843361524865,0.001500522717833519,0.09870225191116333,0.0018638019682839513,6.0871705500176176e-05,0.00010726974142016843,0.019757157191634178,0.03639385104179382,0.006398904137313366,0.0261092409491539,0.1236814633011818,0.03672528639435768,0.04547308757901192,0.00010218626994173974,0.0033410214819014072,0.0022056216839700937,0.011751671321690083,0.07453440129756927,0.9605223536491394,0.8739475607872009,0.007810063194483519,0.04949556663632393,0.5857625007629395,0.26327621936798096,1.9817431166302413e-05,8.864157280186191e-06
53,53,5,-0.28292736,-0.0061307335,0.1254802,0.0,0.015147618,0.001440964,0.019738667,0.9268149,0.069890186,0.0,-3.589709130182588,-11.512203546966015,7.953848170122699,Extracted Data,1.4322063179861289e-06,0.00022136214829515666,0.13092270493507385,0.011041631922125816,0.8440244197845459,0.020992491394281387,0.0005224341293796897,1.1780796285165707e-06,3.865089638566133e-06,0.06615795940160751,0.44291001558303833,0.0037707535084336996,0.48696818947792053,0.030239872634410858,0.009995827451348305,0.13848976790905,0.3816181421279907,0.6595867872238159,0.029956761747598648,0.7088382244110107,0.027508510276675224,0.010436278767883778,0.0011016309726983309,0.0004976762575097382,0.0004394336719997227,0.009582854807376862,0.00015674663882236928,0.0008975788368843496,0.07300639152526855,0.006015339400619268,7.775594713166356e-05,0.00010859618487302214,0.014343298971652985,0.04197685793042183,0.006614189129322767,0.01847366988658905,0.051861315965652466,0.026812490075826645,0.052064843475818634,9.33854462346062e-05,0.0038581592962145805,0.0013848169473931193,0.01966239884495735,0.08801522105932236,0.9517041444778442,0.8789354562759399,0.005144595168530941,0.01307913288474083,0.7239700555801392,0.4849868416786194,1.3046460480836686e-05,4.854431153944461e-06
54,54,5,-0.48099846,-0.34401697,0.23660775,0.0,0.011653074,0.0009852774,0.072505146,0.5649381,0.13234797,0.0,-6.312502687719459,-10.857372246486996,11.451946805241754,Extracted Data,9.927355222316692e-07,7.337557326536626e-05,0.050564154982566833,0.02044801227748394,0.9256654977798462,0.04258574917912483,0.00042887040763162076,8.031194624891214e-07,2.0701513676613104e-06,0.042710721492767334,0.25948554277420044,0.0019204637501388788,0.46531394124031067,0.003045744961127639,0.017653612419962883,0.5329222679138184,0.30429476499557495,0.7089070081710815,0.029043395072221756,0.6626284718513489,0.016832448542118073,0.01475864090025425,0.0024480065330863,0.0002237297157989815,0.0015135299181565642,0.028597399592399597,8.170207001967356e-05,0.0036636721342802048,0.025864148512482643,0.003137152176350355,4.0761813579592854e-05,4.779536902788095e-05,0.010944003239274025,0.26611146330833435,0.0013272421201691031,0.0026182467117905617,0.032856397330760956,0.014074116945266724,0.07211122661828995,2.3965982109075412e-05,0.0036378547083586454,0.0019924063235521317,0.010778708383440971,0.08625923097133636,0.9021093845367432,0.7171423435211182,0.003022950841113925,0.0027740797959268093,0.13381876051425934,0.07275047898292542,7.571376045234501e-06,6.170616416056873e-06
55,55,4,-0.5236373,-0.4220447,0.57395864,0.0014218506,0.14637098,0.0,0.21530557,0.00019434822,0.3043091,0.055479802,,,,No MP Data,,,,,,,,,,,,,,,,,,,,,,,,,,,,,,,,,,,,,,,,,,,,,,,,,,,,
56,56,5,-0.40711966,-0.28562793,0.034957998,0.0,0.016376607,0.0003316529,0.11542714,0.3306175,0.24565971,0.0,-4.202755269726686,-8.68415052371719,6.907675797168616,Extracted Data,2.1597127215500223e-06,0.0035246824845671654,0.604275107383728,0.00374344433657825,0.37660443782806396,0.0033626805525273085,0.00030680917552672327,8.468705914310704e-07,1.9565645743568894e-06,0.07262850552797318,0.421237975358963,0.01040971465408802,0.3480012118816376,0.00572253717109561,0.027470143511891365,0.37357771396636963,0.18708404898643494,0.4844139516353607,0.03220798820257187,0.47232428193092346,0.07583681493997574,0.012432856485247612,0.0010369699448347092,0.0005094072548672557,0.00018154981080442667,0.005064978264272213,0.00020551789202727377,0.0003459736180957407,0.08963298052549362,0.005367238074541092,7.317817653529346e-05,0.0001407100207870826,0.007822574116289616,0.009586140513420105,0.003742651315405965,0.011506511829793453,0.06875511258840561,0.05094460770487785,0.04244035482406616,0.0002481300034560263,0.0028964753728359938,0.001828852342441678,0.013206491246819496,0.06325722485780716,0.9163777232170105,0.8763639330863953,0.0023058762308210135,0.032832637429237366,0.3221917748451233,0.20336979627609253,1.0003385796153452e-05,7.604844995512394e-06
57,57,5,-0.48264116,-0.39245248,0.03022775,0.0,0.014651918,2.413932e-05,0.23570241,0.33280063,0.19836736,0.0,,,,No MP Data,,,,,,,,,,,,,,,,,,,,,,,,,,,,,,,,,,,,,,,,,,,,,,,,,,,,
58,58,3,-0.64971405,-0.67785597,0.15290272,0.0,0.0,5.373303e-05,0.027777951,0.1542861,0.53853375,0.0,-4.685809051388823,-10.123949168790631,8.820731048857192,Extracted Data,2.2269539385888493e-06,0.0012707689311355352,0.14430969953536987,0.01723218522965908,0.6282086372375488,0.01716565154492855,0.0005332789150997996,1.6778341205281322e-06,4.798790996574098e-06,0.0956292673945427,0.490740031003952,0.0057955775409936905,0.4510689079761505,0.005058009177446365,0.031098883599042892,0.4275103509426117,0.2005457878112793,0.606026291847229,0.029456865042448044,0.5278798341751099,0.038272593170404434,0.009363163262605667,0.0010231579653918743,0.0009146715747192502,0.0003847185871563852,0.020294062793254852,0.0004269153578206897,0.00100141076836735,0.08524798601865768,0.0030370166059583426,6.311582546913996e-05,0.00011364728561602533,0.025581853464245796,0.04701809212565422,0.011439395137131214,0.03447454795241356,0.05503556877374649,0.039424218237400055,0.04762363061308861,6.343036511680111e-05,0.0031460956670343876,0.002833234379068017,0.006919128820300102,0.06711698323488235,0.9427955150604248,0.9072209000587463,0.003864116268232465,0.05727015435695648,0.6046644449234009,0.3578238785266876,1.409252126904903e-05,1.0353140169172548e-05
59,59,4,-0.6253597,-0.66135085,0.59624743,0.00035873207,0.013636522,0.0,0.5108475,0.0092337895,0.1394336,0.0,,,,No MP Data,,,,,,,,,,,,,,,,,,,,,,,,,,,,,,,,,,,,,,,,,,,,,,,,,,,,
60,60,4,-0.5337122,-0.44963488,0.22671108,0.0,0.005733979,0.0,0.022553114,0.58070743,0.103147775,0.0,-4.351833976900582,-14.843351968928465,7.633988795285618,Extracted Data,1.2632374819077086e-05,7.802125765010715e-05,0.0489908792078495,0.07213586568832397,0.9194767475128174,0.04697301611304283,0.0005243538762442768,2.4409766865574056e-06,5.101118858874543e-06,0.053436603397130966,0.3650401532649994,0.026439642533659935,0.08052609115839005,0.01722249761223793,0.01487133838236332,0.2901407778263092,0.36272186040878296,0.24336835741996765,0.1182117834687233,0.5529723167419434,0.014744573272764683,0.016809672117233276,0.0013330457732081413,0.0001956829073606059,9.945860074367374e-05,0.014629652723670006,0.0009467779309488833,0.0040861074812710285,0.10962432622909546,0.001511902897618711,7.243742584250867e-05,0.0001397276937495917,0.0034565788228064775,0.09662602841854095,0.0005933082429692149,0.0020584389567375183,0.15555816888809204,0.030089719220995903,0.03761119768023491,0.0001359020097879693,0.013528571464121342,0.0032025715336203575,0.09069084376096725,0.2263536900281906,0.9308364391326904,0.8477196097373962,0.0034645425621420145,0.026166357100009918,0.2556372880935669,0.13695620000362396,1.1882746548508294e-05,6.535698048537597e-06
61,61,4,-0.52382344,-0.4933162,0.7285991,0.00031788836,0.014773264,0.0,0.04805114,0.59242547,0.45888257,0.0,-5.692070842622649,-13.330335098659091,8.739672391441045,Extracted Data,9.793425306270365e-06,2.6463043468538672e-05,0.029751010239124298,0.06337039917707443,0.9578709602355957,0.05031423643231392,0.001027716789394617,3.448637244218844e-06,3.615843297666288e-06,0.03388127312064171,0.5425708889961243,0.012146404013037682,0.02149197831749916,0.00495479442179203,0.007835637778043747,0.6010504961013794,0.5488333702087402,0.3373572826385498,0.22987741231918335,0.6541712284088135,0.023908089846372604,0.0215565487742424,0.0007097715861164033,0.0004578910593409091,0.00028539434424601495,0.1252295970916748,0.0015850269701331854,0.022820331156253815,0.04929137974977493,0.0013863469939678907,5.839786899741739e-05,8.754432201385498e-05,0.00891418382525444,0.12035145610570908,0.0019224443240091205,0.004420161247253418,0.07932914048433304,0.01644952781498432,0.04836546629667282,6.434929673559964e-05,0.011721821501851082,0.005341979209333658,0.013824814930558205,0.07974746823310852,0.8584440350532532,0.689189612865448,0.0025114051532000303,0.00766764534637332,0.06156544387340546,0.03938576579093933,5.866472292836988e-06,1.0388082046119962e-05
62,62,4,-0.41122025,-0.290598,0.06794426,0.0,0.01960605,0.00011809553,0.03947232,0.13917074,0.87989265,0.0,,,,No MP Data,,,,,,,,,,,,,,,,,,,,,,,,,,,,,,,,,,,,,,,,,,,,,,,,,,,,
63,63,4,-0.6692067,-0.6972178,0.41925782,0.0,0.019925851,0.0039409236,0.17006566,0.08921959,0.43246025,0.0,,,,No MP Data,,,,,,,,,,,,,,,,,,,,,,,,,,,,,,,,,,,,,,,,,,,,,,,,,,,,
64,64,4,-0.67851603,-0.633829,0.28800005,0.0,0.014338788,0.0,0.21174112,0.0058011655,0.29152218,0.0,,,,No MP Data,,,,,,,,,,,,,,,,,,,,,,,,,,,,,,,,,,,,,,,,,,,,,,,,,,,,
65,65,5,-0.4756163,-0.27464268,0.19312043,0.0,0.005730015,0.0,0.060501643,0.31476796,0.31986314,0.0,,,,No MP Data,,,,,,,,,,,,,,,,,,,,,,,,,,,,,,,,,,,,,,,,,,,,,,,,,,,,
66,66,4,-0.38049456,-0.1688056,0.6236075,0.004439609,0.039718665,0.003694698,0.30237213,0.31241202,0.57071954,0.0,,,,No MP Data,,,,,,,,,,,,,,,,,,,,,,,,,,,,,,,,,,,,,,,,,,,,,,,,,,,,
67,67,2,-0.49943486,-0.37959078,0.936347,0.0,0.04021964,0.0,0.74002266,0.68121797,0.32935524,0.0,,,,No MP Data,,,,,,,,,,,,,,,,,,,,,,,,,,,,,,,,,,,,,,,,,,,,,,,,,,,,
68,68,5,-0.40262926,-0.24239369,0.59263337,0.0,0.020286286,0.0073048314,0.43848515,0.55330074,0.60294527,0.0,,,,No MP Data,,,,,,,,,,,,,,,,,,,,,,,,,,,,,,,,,,,,,,,,,,,,,,,,,,,,
69,69,5,-0.4685102,-0.31697437,0.47927225,0.0,0.013594026,7.658538e-05,0.57351583,0.25838983,0.41847965,0.0,,,,No MP Data,,,,,,,,,,,,,,,,,,,,,,,,,,,,,,,,,,,,,,,,,,,,,,,,,,,,
70,70,5,-0.39782637,-0.2150696,0.7888453,0.0,0.010139195,0.0012508074,0.18057336,0.24800855,0.11879144,0.0,,,,No MP Data,,,,,,,,,,,,,,,,,,,,,,,,,,,,,,,,,,,,,,,,,,,,,,,,,,,,
71,71,5,-0.22756162,-0.01886534,0.95611703,0.01619306,0.6237802,0.0,0.00028543643,0.23862863,0.38258982,0.0,,,,No MP Data,,,,,,,,,,,,,,,,,,,,,,,,,,,,,,,,,,,,,,,,,,,,,,,,,,,,
72,72,4,-0.28865406,-0.09309903,0.87731487,0.004728254,0.21384476,0.0003779705,0.10486255,0.3149122,0.37941515,0.0,,,,No MP Data,,,,,,,,,,,,,,,,,,,,,,,,,,,,,,,,,,,,,,,,,,,,,,,,,,,,
73,73,4,-0.2274988,-0.011615991,0.97139883,0.0061985236,0.17731993,0.056428187,0.1406272,0.6469651,0.899435,0.0005492561,,,,No MP Data,,,,,,,,,,,,,,,,,,,,,,,,,,,,,,,,,,,,,,,,,,,,,,,,,,,,
74,74,4,-0.34959233,-0.24032521,0.9817022,1.24224125e-05,0.31259632,0.00088247226,0.39531958,0.71288097,0.1918413,0.0,,,,No MP Data,,,,,,,,,,,,,,,,,,,,,,,,,,,,,,,,,,,,,,,,,,,,,,,,,,,,
75,75,2,-0.26288602,-0.09579262,0.9790206,0.0,0.94720346,0.0,0.23249179,0.142676,0.3383901,0.0,,,,No MP Data,,,,,,,,,,,,,,,,,,,,,,,,,,,,,,,,,,,,,,,,,,,,,,,,,,,,
76,76,4,-0.6887335,-0.6369597,0.51558256,0.0,0.29248726,0.02132807,0.87777317,0.54236144,0.039603096,0.0,,,,No MP Data,,,,,,,,,,,,,,,,,,,,,,,,,,,,,,,,,,,,,,,,,,,,,,,,,,,,
77,77,5,-0.6558368,-0.5646047,0.3361147,0.0,0.024590876,0.00058968057,0.7765091,0.0065700207,0.32309076,0.0,,,,No MP Data,,,,,,,,,,,,,,,,,,,,,,,,,,,,,,,,,,,,,,,,,,,,,,,,,,,,
78,78,2,-0.3087825,-0.08805797,0.24813303,0.0076342425,0.0034464826,0.026016157,0.015530313,0.01606512,0.44282627,0.0,,,,No MP Data,,,,,,,,,,,,,,,,,,,,,,,,,,,,,,,,,,,,,,,,,,,,,,,,,,,,
79,79,4,-0.4473842,-0.32770273,0.51320934,0.009924027,0.0087638255,0.0,0.14381045,0.47009903,0.7170734,0.0,-4.039039656167169,-19.22580114323383,14.004882501389725,Extracted Data,1.3054610690232948e-06,0.000351479509845376,0.0009075540001504123,0.4100743234157562,0.6051104068756104,0.5088299512863159,4.937256744597107e-05,5.264889182399202e-07,2.759151357167866e-06,0.741965651512146,0.5471944808959961,0.2122555375099182,0.12506648898124695,0.021175583824515343,0.3592629134654999,0.3283171057701111,0.007693903055042028,0.04625634104013443,0.11636959761381149,0.3769061863422394,0.6153085231781006,0.0002679772151168436,0.00034655359922908247,0.00032691576052457094,0.018104979768395424,0.21965265274047852,0.0013225558213889599,0.012399435043334961,0.09897170960903168,0.0005862482939846814,2.2188365619513206e-05,5.785107350675389e-05,0.015224975533783436,0.006020276341587305,0.018729249015450478,0.04067186266183853,0.07636171579360962,0.003960672300308943,0.1522347629070282,0.00019542576046660542,0.024887997657060623,0.018040604889392853,0.0003087166405748576,0.0027125116903334856,0.0006229945574887097,0.00017581447900738567,0.00026122044073417783,0.0037930880207568407,1.4290409126260784e-05,3.200065293640364e-06,4.443116267793812e-06,4.781723532687465e-07
80,80,5,-0.68189704,-0.6552454,0.310207,0.0,0.022930568,0.00022930634,0.6597737,0.3432775,0.54660606,0.0,,,,No MP Data,,,,,,,,,,,,,,,,,,,,,,,,,,,,,,,,,,,,,,,,,,,,,,,,,,,,
81,81,2,-0.30368835,-0.12439172,0.9812613,0.01921996,0.050135527,4.6048735e-05,0.09471691,0.28202468,0.17825383,0.0044682343,,,,No MP Data,,,,,,,,,,,,,,,,,,,,,,,,,,,,,,,,,,,,,,,,,,,,,,,,,,,,
82,82,2,-0.32987607,-0.08130333,0.9385175,0.0,0.9178225,0.0010531738,0.01410469,0.48053327,0.333277,0.0,,,,No MP Data,,,,,,,,,,,,,,,,,,,,,,,,,,,,,,,,,,,,,,,,,,,,,,,,,,,,
83,83,5,-0.55397165,-0.44851378,0.2716453,0.0,0.0063970536,0.0,0.06479296,0.010971647,0.30806488,0.0,,,,No MP Data,,,,,,,,,,,,,,,,,,,,,,,,,,,,,,,,,,,,,,,,,,,,,,,,,,,,
84,84,4,-0.522582,-0.44565538,0.37881118,0.0,0.012881859,0.004579448,0.54438543,0.39528584,0.4865786,0.0,,,,No MP Data,,,,,,,,,,,,,,,,,,,,,,,,,,,,,,,,,,,,,,,,,,,,,,,,,,,,
85,85,4,-0.5250956,-0.4799454,0.47802934,0.0,0.024255717,0.0,0.17433813,0.014527508,0.31968966,0.0,,,,No MP Data,,,,,,,,,,,,,,,,,,,,,,,,,,,,,,,,,,,,,,,,,,,,,,,,,,,,
86,86,2,-0.45427772,-0.37629023,0.94714683,0.0,0.24509539,0.0,0.021025892,0.0,0.38497114,0.0,,,,No MP Data,,,,,,,,,,,,,,,,,,,,,,,,,,,,,,,,,,,,,,,,,,,,,,,,,,,,
87,87,2,-0.2708088,-0.08091343,0.18971223,0.03876341,0.02232482,0.017963363,0.06003862,0.37593442,0.4186949,0.0,,,,No MP Data,,,,,,,,,,,,,,,,,,,,,,,,,,,,,,,,,,,,,,,,,,,,,,,,,,,,
88,88,4,-0.39530548,-0.25409004,0.24650241,0.0301446,0.00038839167,0.02836318,0.0016125365,0.33188644,0.6834371,0.0,,,,No MP Data,,,,,,,,,,,,,,,,,,,,,,,,,,,,,,,,,,,,,,,,,,,,,,,,,,,,
89,89,4,-0.4082678,-0.27027544,0.3475947,0.023465054,0.025586087,0.024562478,0.20351566,0.27923435,0.62761927,0.000833479,,,,No MP Data,,,,,,,,,,,,,,,,,,,,,,,,,,,,,,,,,,,,,,,,,,,,,,,,,,,,
90,90,2,-0.6612573,-0.5810463,0.73765063,0.0,0.61881363,0.0,0.5251015,0.0,0.77932185,0.0,,,,No MP Data,,,,,,,,,,,,,,,,,,,,,,,,,,,,,,,,,,,,,,,,,,,,,,,,,,,,
91,91,2,-0.43659914,-0.2837274,0.5661349,0.0,0.06830418,0.00030693295,0.002297476,0.0,0.70953846,0.03997387,,,,No MP Data,,,,,,,,,,,,,,,,,,,,,,,,,,,,,,,,,,,,,,,,,,,,,,,,,,,,
92,92,2,-0.67436767,-0.6413722,0.5482478,0.0,0.58499336,0.0,0.03835221,0.0,0.87299645,0.0,,,,No MP Data,,,,,,,,,,,,,,,,,,,,,,,,,,,,,,,,,,,,,,,,,,,,,,,,,,,,
93,93,2,-0.2925636,-0.11281672,0.9357251,0.07779659,0.072815776,0.0011671507,0.008779099,0.65954614,0.22335172,0.0009686944,,,,No MP Data,,,,,,,,,,,,,,,,,,,,,,,,,,,,,,,,,,,,,,,,,,,,,,,,,,,,
94,94,2,-0.3880313,-0.22967753,0.7888028,0.014015897,0.007439532,0.00097606884,0.016098727,0.015737882,0.3689239,0.0,,,,No MP Data,,,,,,,,,,,,,,,,,,,,,,,,,,,,,,,,,,,,,,,,,,,,,,,,,,,,
95,95,5,-0.5020064,-0.36970326,0.38885885,0.00034500816,0.014283523,0.0040536057,0.01126861,0.029206166,0.5481068,0.0,,,,No MP Data,,,,,,,,,,,,,,,,,,,,,,,,,,,,,,,,,,,,,,,,,,,,,,,,,,,,
96,96,5,-0.57971084,-0.56815624,0.5253605,0.0,0.044059556,0.0,0.5828228,0.010823703,0.6707438,0.0,,,,No MP Data,,,,,,,,,,,,,,,,,,,,,,,,,,,,,,,,,,,,,,,,,,,,,,,,,,,,
97,97,4,-0.53773516,-0.484135,0.7318713,0.0076735658,0.042852834,0.0002537614,0.21566571,0.19129154,0.94550997,0.0,,,,No MP Data,,,,,,,,,,,,,,,,,,,,,,,,,,,,,,,,,,,,,,,,,,,,,,,,,,,,
98,98,4,-0.7450208,-0.7721976,0.675346,0.027409943,0.6362901,0.0,0.47871518,0.046561223,0.03868504,0.0,,,,No MP Data,,,,,,,,,,,,,,,,,,,,,,,,,,,,,,,,,,,,,,,,,,,,,,,,,,,,
99,99,4,-0.7013501,-0.69652116,0.531309,0.019506795,0.34760246,0.0,0.32019055,0.04629413,0.09745671,0.0,,,,No MP Data,,,,,,,,,,,,,,,,,,,,,,,,,,,,,,,,,,,,,,,,,,,,,,,,,,,,
100,100,4,-0.7669168,-0.7419398,0.13455665,0.00064148084,0.1522488,0.0,0.5040759,0.0070729377,0.2920575,0.0,,,,No MP Data,,,,,,,,,,,,,,,,,,,,,,,,,,,,,,,,,,,,,,,,,,,,,,,,,,,,
101,101,1,-0.13838667,0.014860711,0.0,0.0,0.0,0.62510014,0.0,0.99566317,0.98086894,0.4451601,,,,No MP Data,,,,,,,,,,,,,,,,,,,,,,,,,,,,,,,,,,,,,,,,,,,,,,,,,,,,
102,102,2,-0.27166125,-0.11184555,0.81293666,0.05411123,0.006496795,0.0021152287,0.007704685,0.7704731,0.6940817,0.00016293766,,,,No MP Data,,,,,,,,,,,,,,,,,,,,,,,,,,,,,,,,,,,,,,,,,,,,,,,,,,,,
103,103,5,-0.42046583,-0.32366666,0.13984513,0.035343032,0.01964407,0.0,0.49260378,0.40417752,0.26407802,0.0,,,,No MP Data,,,,,,,,,,,,,,,,,,,,,,,,,,,,,,,,,,,,,,,,,,,,,,,,,,,,
104,104,3,-0.45076665,-0.3180404,0.23344542,0.02850154,0.0070784125,0.0015338915,0.2599321,0.4749356,0.45258313,0.0,,,,No MP Data,,,,,,,,,,,,,,,,,,,,,,,,,,,,,,,,,,,,,,,,,,,,,,,,,,,,
105,105,2,-0.3600577,-0.09956525,0.96999866,0.10482079,0.50600547,0.0,0.00023012218,0.87818766,0.76407206,0.0,-4.238788480904272,-8.114147016264786,7.761326209712582,Extracted Data,1.5733920690763625e-06,0.00015733213513158262,0.028294093906879425,0.04199715703725815,0.9095714688301086,0.04610995575785637,0.00036510295467451215,1.1264762633800274e-06,1.7098825537686935e-06,0.0673825740814209,0.34414929151535034,0.012509080581367016,0.4082891643047333,0.041161831468343735,0.015200401656329632,0.11516773700714111,0.28839778900146484,0.46372199058532715,0.03373711183667183,0.6568644642829895,0.028350021690130234,0.012622463516891003,0.001583693316206336,0.0005372607847675681,0.000260996661381796,0.008547182194888592,0.00023944520216900855,0.0008594334358349442,0.04906218871474266,0.003498043632134795,2.918760583270341e-05,4.68431317131035e-05,0.024375874549150467,0.08669620752334595,0.005275916773825884,0.014697493053972721,0.05055618658661842,0.03190959244966507,0.09378160536289215,7.532502786489204e-05,0.001993458019569516,0.000919635989703238,0.012825554236769676,0.089777372777462,0.9419429302215576,0.8714014887809753,0.002156981499865651,0.015700096264481544,0.5233534574508667,0.2962738275527954,1.3514797501557041e-05,4.530290425464045e-06
106,106,5,-0.38217878,-0.28037947,0.21501578,0.0053806235,0.009908233,0.0,0.14668973,0.1685779,0.5832931,0.0,,,,No MP Data,,,,,,,,,,,,,,,,,,,,,,,,,,,,,,,,,,,,,,,,,,,,,,,,,,,,
107,107,4,-0.473433,-0.2964128,0.8973987,0.0030256303,0.65714735,0.0009109125,3.4246244e-05,0.7858848,0.9274098,0.0019619393,,,,No MP Data,,,,,,,,,,,,,,,,,,,,,,,,,,,,,,,,,,,,,,,,,,,,,,,,,,,,
108,108,5,-0.30363768,-0.03267076,0.50533915,0.009855949,0.021249851,0.0014134637,0.6906097,0.9258032,0.26119485,0.003970398,,,,No MP Data,,,,,,,,,,,,,,,,,,,,,,,,,,,,,,,,,,,,,,,,,,,,,,,,,,,,
109,109,5,-0.50661993,-0.43667623,0.06564252,0.0004468572,0.03253104,0.0037129328,0.47563112,0.00037417843,0.36532766,0.0,,,,No MP Data,,,,,,,,,,,,,,,,,,,,,,,,,,,,,,,,,,,,,,,,,,,,,,,,,,,,
110,110,2,-0.35815164,-0.041617844,0.1403561,0.0,0.038325965,0.0,0.5459392,0.25940537,0.0714525,0.0,,,,No MP Data,,,,,,,,,,,,,,,,,,,,,,,,,,,,,,,,,,,,,,,,,,,,,,,,,,,,
111,111,5,-0.1594629,-0.044031784,0.0,0.0,0.0,0.9814193,0.10331208,0.9931055,0.82826746,0.6547338,,,,No MP Data,,,,,,,,,,,,,,,,,,,,,,,,,,,,,,,,,,,,,,,,,,,,,,,,,,,,
112,112,4,-0.32459584,-0.2009636,0.77463853,0.0,0.123578,0.0,0.0,0.02728467,0.8180754,0.0,,,,No MP Data,,,,,,,,,,,,,,,,,,,,,,,,,,,,,,,,,,,,,,,,,,,,,,,,,,,,
113,113,4,-0.5723672,-0.5167084,0.8617589,0.0014481063,0.0,0.006055083,0.0,0.5276047,0.30376953,0.0,,,,No MP Data,,,,,,,,,,,,,,,,,,,,,,,,,,,,,,,,,,,,,,,,,,,,,,,,,,,,
114,114,4,-0.48789242,-0.39114258,0.9018552,0.00039734662,0.0,0.0017068385,0.0,0.5001606,0.71728784,0.0,,,,No MP Data,,,,,,,,,,,,,,,,,,,,,,,,,,,,,,,,,,,,,,,,,,,,,,,,,,,,
115,115,2,-0.38032812,-0.17209257,0.899178,0.0,0.005866948,0.46415487,0.0,0.101764694,0.95837224,0.0,,,,No MP Data,,,,,,,,,,,,,,,,,,,,,,,,,,,,,,,,,,,,,,,,,,,,,,,,,,,,
116,116,2,-0.21442965,0.01727013,0.7401743,0.015914215,0.004394475,0.0012484917,0.037744254,0.03104662,0.08400319,0.0,,,,No MP Data,,,,,,,,,,,,,,,,,,,,,,,,,,,,,,,,,,,,,,,,,,,,,,,,,,,,
117,117,2,-0.39199847,-0.20011047,0.920154,0.0,0.14029749,0.0005171826,0.03394422,0.0009465441,0.0882393,0.0,-0.8150642184839624,-5.221359613814777,11.868857623723276,Extracted Data,1.7073736671591178e-05,0.008920896798372269,0.48418569564819336,0.021141987293958664,0.3127444088459015,0.005748058669269085,0.00012685285764746368,6.505382771138102e-06,1.9443566543486668e-06,0.059898365288972855,0.2464183270931244,0.03492358326911926,0.42058709263801575,0.013822012580931187,0.00709577975794673,0.3215067982673645,0.47238391637802124,0.22929972410202026,0.018427934497594833,0.6173226833343506,0.2612879276275635,0.015079816803336143,0.001865120604634285,0.00012714338663499802,7.132923929020762e-05,0.003706032643094659,0.0002633023541420698,0.00163843238260597,0.009751140139997005,0.0011029215529561043,0.001101386034861207,0.0020488977897912264,0.0020376357715576887,0.0018213693983852863,0.00011600294237723574,0.0003479758743196726,0.13105154037475586,0.047970015555620193,0.02327577956020832,0.0034409998916089535,0.0093744657933712,0.0020855532493442297,0.20114196836948395,0.18191181123256683,0.8263172507286072,0.775789737701416,0.010059689171612263,0.253192275762558,0.04763474315404892,0.03260963782668114,4.431242359714815e-06,2.263647002109792e-05
118,118,2,-0.50198007,-0.35361865,0.95476127,0.0,0.102968104,0.0,0.69793606,0.19212559,0.7246573,0.0,-0.9201580007892792,-5.378739258778528,9.036207921675157,Extracted Data,6.366710749716731e-06,0.013489286415278912,0.4907538890838623,0.01285924855619669,0.2170904129743576,0.004035899415612221,0.00012838555267080665,2.5448211999901105e-06,1.01048669876036e-06,0.03770840913057327,0.1817770004272461,0.012788616120815277,0.23558826744556427,0.0234712902456522,0.007705758325755596,0.20098747313022614,0.4237668514251709,0.40372180938720703,0.05246877297759056,0.6239331364631653,0.1728973537683487,0.020043333992362022,0.0031952501740306616,0.0001474695891374722,0.00020043000404257327,0.008474214002490044,0.00010277171531924978,0.0021661720238626003,0.007457660511136055,0.0035550957545638084,0.00038421552744694054,0.0005367545527406037,0.003157507162541151,0.002007297473028302,0.0003337137750349939,0.0006664590910077095,0.13237451016902924,0.12560170888900757,0.011462668888270855,0.001584591343998909,0.010544025339186192,0.0057006292045116425,0.03964979574084282,0.03934955224394798,0.8684861660003662,0.8556463122367859,0.011112921871244907,0.06614755839109421,0.011414707638323307,0.010206351988017559,1.6599465197941754e-06,1.035062268783804e-05
119,119,5,-0.39085233,-0.18891555,0.41896322,4.0393872e-05,0.01147845,0.0,0.85944664,0.64693475,0.54147255,0.0,,,,No MP Data,,,,,,,,,,,,,,,,,,,,,,,,,,,,,,,,,,,,,,,,,,,,,,,,,,,,
120,120,4,-0.44431308,-0.31484604,0.5819395,0.005306106,0.4776278,0.011763334,0.07130419,0.8322593,0.8655829,0.0,,,,No MP Data,,,,,,,,,,,,,,,,,,,,,,,,,,,,,,,,,,,,,,,,,,,,,,,,,,,,
121,121,1,-0.16482341,-0.0017846632,0.0,0.0,0.0,0.7441101,0.0,0.98861897,0.32028025,0.006381445,,,,No MP Data,,,,,,,,,,,,,,,,,,,,,,,,,,,,,,,,,,,,,,,,,,,,,,,,,,,,
122,122,2,-0.30601186,-0.16584122,0.9308313,0.0030323411,0.75374484,0.056203723,0.0047484906,0.8808978,0.80655354,0.0,,,,No MP Data,,,,,,,,,,,,,,,,,,,,,,,,,,,,,,,,,,,,,,,,,,,,,,,,,,,,
123,123,5,-0.38930455,-0.27372855,0.8348296,0.0,0.17827317,0.0018170668,0.004286082,0.9099,0.7460227,0.0,,,,No MP Data,,,,,,,,,,,,,,,,,,,,,,,,,,,,,,,,,,,,,,,,,,,,,,,,,,,,
124,124,2,-0.62302727,-0.57449275,0.6562346,0.0,0.5035938,0.10553382,0.097369745,0.8734341,0.56295395,0.0,,,,No MP Data,,,,,,,,,,,,,,,,,,,,,,,,,,,,,,,,,,,,,,,,,,,,,,,,,,,,
125,125,1,-0.18719506,-0.06619061,0.0,0.0,0.0,0.68478745,0.0,0.97398543,0.15357167,0.014240183,,,,No MP Data,,,,,,,,,,,,,,,,,,,,,,,,,,,,,,,,,,,,,,,,,,,,,,,,,,,,
126,126,5,-0.42331395,-0.28966847,0.41816697,0.0,0.70386577,0.29537433,0.02215136,0.6753354,0.97911716,0.0075560706,,,,No MP Data,,,,,,,,,,,,,,,,,,,,,,,,,,,,,,,,,,,,,,,,,,,,,,,,,,,,
127,127,2,-0.5990086,-0.55270535,0.5899205,0.0,0.43104684,0.028394457,0.00030113064,0.90768963,0.9700122,0.0,,,,No MP Data,,,,,,,,,,,,,,,,,,,,,,,,,,,,,,,,,,,,,,,,,,,,,,,,,,,,
128,128,2,-0.5127052,-0.36698213,0.84580004,0.0,0.023602242,0.0,0.39335644,0.36464864,0.5668219,0.0,,,,No MP Data,,,,,,,,,,,,,,,,,,,,,,,,,,,,,,,,,,,,,,,,,,,,,,,,,,,,
129,129,2,-0.55897856,-0.45207348,0.8737572,0.0,0.31441325,0.014317018,0.78459656,0.8328769,0.09697413,0.0,,,,No MP Data,,,,,,,,,,,,,,,,,,,,,,,,,,,,,,,,,,,,,,,,,,,,,,,,,,,,
130,130,5,-0.3256597,-0.24543814,0.65472895,0.0029799542,0.19887142,0.0,0.009010394,0.8057878,0.9733366,0.0,,,,No MP Data,,,,,,,,,,,,,,,,,,,,,,,,,,,,,,,,,,,,,,,,,,,,,,,,,,,,
131,131,5,-0.43562666,-0.36406615,0.60406554,0.0,0.8149155,0.00657384,0.14601997,0.9227226,0.92195624,0.0,,,,No MP Data,,,,,,,,,,,,,,,,,,,,,,,,,,,,,,,,,,,,,,,,,,,,,,,,,,,,
132,132,1,-0.13111895,-0.049271163,0.0,0.0,0.0021936265,0.9331857,0.00018558359,0.98569083,0.7554545,0.10642583,,,,No MP Data,,,,,,,,,,,,,,,,,,,,,,,,,,,,,,,,,,,,,,,,,,,,,,,,,,,,
133,133,5,-0.41192037,-0.28078532,0.6884371,0.0,0.52468073,0.011062647,0.012534488,0.658903,0.98066676,0.0,,,,No MP Data,,,,,,,,,,,,,,,,,,,,,,,,,,,,,,,,,,,,,,,,,,,,,,,,,,,,
134,134,5,-0.672043,-0.65981424,0.39277723,0.0,0.9720893,0.0,0.08792555,0.8717637,0.9803525,0.0,,,,No MP Data,,,,,,,,,,,,,,,,,,,,,,,,,,,,,,,,,,,,,,,,,,,,,,,,,,,,
135,135,5,-0.48933846,-0.4253429,0.7463959,0.0,0.89443046,0.0,0.17638436,0.6352279,0.9478559,0.0,,,,No MP Data,,,,,,,,,,,,,,,,,,,,,,,,,,,,,,,,,,,,,,,,,,,,,,,,,,,,
136,136,5,-0.6670993,-0.5268632,0.59309566,0.0,0.4443111,0.0028199754,0.7048421,0.66008025,0.12063713,0.0,,,,No MP Data,,,,,,,,,,,,,,,,,,,,,,,,,,,,,,,,,,,,,,,,,,,,,,,,,,,,
137,137,5,-0.5000134,-0.35350534,0.7221143,0.0,0.040589273,0.0,0.77938414,0.647313,0.045101658,0.0,,,,No MP Data,,,,,,,,,,,,,,,,,,,,,,,,,,,,,,,,,,,,,,,,,,,,,,,,,,,,
138,138,5,-0.5813176,-0.45237172,0.040846445,0.0,0.00032351748,0.042994924,0.6056764,0.47780567,0.10475178,0.0,,,,No MP Data,,,,,,,,,,,,,,,,,,,,,,,,,,,,,,,,,,,,,,,,,,,,,,,,,,,,
139,139,1,-0.18352145,-0.014930685,0.0,0.0,0.0,0.35293186,0.0,0.99507165,0.5226956,0.3525992,,,,No MP Data,,,,,,,,,,,,,,,,,,,,,,,,,,,,,,,,,,,,,,,,,,,,,,,,,,,,
140,140,5,-0.32706213,-0.21586415,0.93263304,0.004330654,0.43782887,0.0,0.0065242383,0.7331807,0.9807822,0.0,,,,No MP Data,,,,,,,,,,,,,,,,,,,,,,,,,,,,,,,,,,,,,,,,,,,,,,,,,,,,
141,141,5,-0.48309398,-0.40885085,0.7960118,0.00017911865,0.9697936,0.0,0.6441489,0.6599232,0.19290704,0.0,,,,No MP Data,,,,,,,,,,,,,,,,,,,,,,,,,,,,,,,,,,,,,,,,,,,,,,,,,,,,
142,142,2,-0.2906933,-0.15367286,0.80152285,0.025679313,0.0,7.387188e-05,0.0038848207,0.2582817,0.43240523,0.0,,,,No MP Data,,,,,,,,,,,,,,,,,,,,,,,,,,,,,,,,,,,,,,,,,,,,,,,,,,,,
143,143,2,-0.5228071,-0.38513446,0.92490864,0.0,0.036851995,0.0015767463,0.58141226,0.5878252,0.23567167,0.0,,,,No MP Data,,,,,,,,,,,,,,,,,,,,,,,,,,,,,,,,,,,,,,,,,,,,,,,,,,,,
144,144,5,-0.30883694,-0.082189806,0.93007576,0.0,0.64337057,5.8788282e-05,0.0031278746,0.882946,0.37296596,0.0,,,,No MP Data,,,,,,,,,,,,,,,,,,,,,,,,,,,,,,,,,,,,,,,,,,,,,,,,,,,,
145,145,2,-0.52731025,-0.4086465,0.9343387,0.0,0.10138976,0.0,0.6524885,0.54185617,0.24658966,0.0,-3.9620106111686835,0.08105046014733414,7.2858361779645735,Extracted Data,1.0569648338787374e-06,0.0001563445111969486,0.1898765116930008,0.011929880827665329,0.8959454298019409,0.012846991419792175,0.00018961471505463123,5.229196062828123e-07,1.3428785905489349e-06,0.031689565628767014,0.18792857229709625,0.00369076756760478,0.49920979142189026,0.011045011691749096,0.005235739052295685,0.3402874171733856,0.5385236144065857,0.6663353443145752,0.025265870615839958,0.6165533065795898,0.02050434798002243,0.024052681401371956,0.0037165442481637,0.000247145420871675,0.0004436312010511756,0.004728997591882944,5.6903900258475915e-05,0.0008354451856575906,0.11176963150501251,0.003943430259823799,2.0453817342058755e-06,4.830688794754678e-06,0.027022378519177437,0.03935784846544266,0.0007296486874110997,0.0027453508228063583,0.09671905636787415,0.06796126812696457,0.18573682010173798,0.0003806402091868222,0.0012732412433251739,0.0019987234845757484,0.014752623625099659,0.05500715970993042,0.8420255184173584,0.7208385467529297,0.00019434263231232762,0.007399797905236483,0.39187678694725037,0.20392796397209167,9.556386430631392e-06,4.888950570602901e-06
146,146,5,-0.487982,-0.39093426,0.6027054,0.0001312251,0.08291686,0.0003282672,0.881235,0.46683913,0.09745417,0.0,,,,No MP Data,,,,,,,,,,,,,,,,,,,,,,,,,,,,,,,,,,,,,,,,,,,,,,,,,,,,
147,147,4,-0.365457,-0.25466636,0.7741323,0.0,0.1816487,0.0016579019,0.391096,0.44516873,0.8840214,0.0,,,,No MP Data,,,,,,,,,,,,,,,,,,,,,,,,,,,,,,,,,,,,,,,,,,,,,,,,,,,,
148,148,2,-0.8106866,-0.7791638,0.47369325,0.0,0.8039097,0.0,0.07458022,0.7669664,0.78806156,0.0,-4.6783879485509265,-3.536200231870307,9.257650299141975,Extracted Data,2.108960870828014e-06,9.193199366563931e-05,0.09489648044109344,0.028287624940276146,0.9050567150115967,0.019419295713305473,0.00036493316292762756,1.4122642824077047e-06,3.201551862730412e-06,0.03333078697323799,0.21176327764987946,0.011651957407593727,0.2983545660972595,0.008665368892252445,0.005464788991957903,0.4553111493587494,0.5749057531356812,0.41517093777656555,0.04174384847283363,0.6643638610839844,0.019136497750878334,0.0231012012809515,0.0032473644241690636,0.0004834387800656259,0.0004549490986391902,0.021894939243793488,0.00012576120207086205,0.003273686859756708,0.0628776028752327,0.0005703667993657291,7.006971372902626e-06,1.789722045941744e-05,0.024140169844031334,0.10072643309831619,0.0012206964893266559,0.007185513619333506,0.09192261844873428,0.026661735028028488,0.15399233996868134,0.0001047982950694859,0.0013676122762262821,0.0021375701762735844,0.00756886275485158,0.037576064467430115,0.8941239714622498,0.7444553375244141,0.0008017794461920857,0.04251697659492493,0.39935919642448425,0.15335798263549805,1.091674857889302e-05,9.844251508184243e-06
149,149,5,-0.39080876,-0.13642953,0.6620099,0.0,0.6087352,0.021077314,0.7314416,0.7645656,0.521011,0.0,,,,No MP Data,,,,,,,,,,,,,,,,,,,,,,,,,,,,,,,,,,,,,,,,,,,,,,,,,,,,
150,150,2,-0.28451988,-0.1159879,0.9365544,0.0,0.79923165,0.05121533,0.003525185,0.90077657,0.9184443,0.004844548,,,,No MP Data,,,,,,,,,,,,,,,,,,,,,,,,,,,,,,,,,,,,,,,,,,,,,,,,,,,,
151,151,5,-0.35885608,-0.22229865,0.9287936,0.0,0.64726245,0.06548406,0.10256313,0.95714825,0.9381738,0.0019567122,,,,No MP Data,,,,,,,,,,,,,,,,,,,,,,,,,,,,,,,,,,,,,,,,,,,,,,,,,,,,
152,152,5,-0.4967583,-0.46316758,0.86360687,0.0,0.19641703,0.004561568,0.018094946,0.76065516,0.972084,0.0,,,,No MP Data,,,,,,,,,,,,,,,,,,,,,,,,,,,,,,,,,,,,,,,,,,,,,,,,,,,,
153,153,4,-0.4379695,-0.3493978,0.87758446,0.00053158315,0.12051067,0.0,0.081372924,0.7372789,0.8750011,0.0,,,,No MP Data,,,,,,,,,,,,,,,,,,,,,,,,,,,,,,,,,,,,,,,,,,,,,,,,,,,,
154,154,4,-0.38835332,-0.25317442,0.80733,0.0,0.85325897,0.00957224,0.05907093,0.6417306,0.7771354,0.0,,,,No MP Data,,,,,,,,,,,,,,,,,,,,,,,,,,,,,,,,,,,,,,,,,,,,,,,,,,,,
155,155,5,-0.54515195,-0.4385852,0.32952255,0.0,0.020216988,0.047536757,0.6988394,0.44545263,0.5659758,0.0,,,,No MP Data,,,,,,,,,,,,,,,,,,,,,,,,,,,,,,,,,,,,,,,,,,,,,,,,,,,,
156,156,5,-0.5425935,-0.4042655,0.12540562,0.0,0.00086510414,0.058465756,0.8400564,0.26720893,0.084546074,0.0,,,,No MP Data,,,,,,,,,,,,,,,,,,,,,,,,,,,,,,,,,,,,,,,,,,,,,,,,,,,,
157,157,2,-0.6510424,-0.626768,0.87273693,0.0,0.92637575,0.0044411607,0.85663754,0.883492,0.3591286,0.0,-2.82048162724236,-2.704841248296438,4.205148132600096,Extracted Data,2.5270962851209333e-06,0.005511037539690733,0.5733234286308289,0.005481275264173746,0.31204092502593994,0.0023113128263503313,0.00034216881613247097,9.091098149838217e-07,1.7562566654305556e-06,0.14893591403961182,0.5446994304656982,0.011086809448897839,0.5086278319358826,0.0004047019174322486,0.18480612337589264,0.7927677631378174,0.04458282142877579,0.5152673721313477,0.022625954821705818,0.6784579157829285,0.14350958168506622,0.006644582375884056,0.0006338466773740947,0.0007999642402864993,0.0006603814545087516,0.004224095493555069,4.470741987461224e-05,0.00033864739816635847,0.05064826458692551,0.00844600610435009,9.610030974727124e-05,0.0001459765189792961,0.007899656891822815,0.0024037163238972425,0.002140109660103917,0.009761666879057884,0.15951000154018402,0.11623314768075943,0.016503244638442993,0.0007614183705300093,0.0034801119472831488,0.00418836111202836,0.014801530167460442,0.04070368781685829,0.9495605826377869,0.9112179279327393,0.00843051727861166,0.03826984763145447,0.23832984268665314,0.1455126255750656,6.947028396098176e-06,9.298088116338477e-06
158,158,2,-0.43978432,-0.2647086,0.91293013,0.0,0.64086807,0.0,0.011447795,0.836837,0.36680764,0.0,,,,No MP Data,,,,,,,,,,,,,,,,,,,,,,,,,,,,,,,,,,,,,,,,,,,,,,,,,,,,
159,159,2,-0.63110393,-0.57433355,0.7153865,0.0,0.0681829,0.006903493,0.5342289,0.8450924,0.3098069,0.0,,,,No MP Data,,,,,,,,,,,,,,,,,,,,,,,,,,,,,,,,,,,,,,,,,,,,,,,,,,,,
160,160,4,-0.5506666,-0.47741398,0.7291836,0.0,0.10410251,0.0012878076,0.47236902,0.7852888,0.2397086,0.0,,,,No MP Data,,,,,,,,,,,,,,,,,,,,,,,,,,,,,,,,,,,,,,,,,,,,,,,,,,,,
161,161,4,-0.638509,-0.5948708,0.34152526,0.0,0.2041774,0.020660352,0.44144407,0.7333036,0.57026994,0.0,,,,No MP Data,,,,,,,,,,,,,,,,,,,,,,,,,,,,,,,,,,,,,,,,,,,,,,,,,,,,
162,162,2,-0.8445456,-0.914927,0.8138297,0.0,0.23402527,0.06727175,0.06918388,0.004195285,0.70629895,0.0,,,,No MP Data,,,,,,,,,,,,,,,,,,,,,,,,,,,,,,,,,,,,,,,,,,,,,,,,,,,,
163,163,4,-0.47749203,-0.35855836,0.23530477,0.0,0.06397499,0.0004568925,0.020074908,0.8149171,0.45776165,0.0,,,,No MP Data,,,,,,,,,,,,,,,,,,,,,,,,,,,,,,,,,,,,,,,,,,,,,,,,,,,,
164,164,3,-0.29063606,-0.061870176,0.15541273,0.00069000997,0.0,0.019018922,0.0,0.74069554,0.39683434,0.0,,,,No MP Data,,,,,,,,,,,,,,,,,,,,,,,,,,,,,,,,,,,,,,,,,,,,,,,,,,,,
165,165,1,-0.18434912,-0.04100327,0.0,0.0,0.00073166715,0.7057157,0.0,0.9970334,0.98366904,0.12466467,,,,No MP Data,,,,,,,,,,,,,,,,,,,,,,,,,,,,,,,,,,,,,,,,,,,,,,,,,,,,
166,166,5,-0.4820918,-0.28961912,0.01385201,0.0,0.0052407878,0.0,0.060783565,0.032375123,0.2299854,0.0,,,,No MP Data,,,,,,,,,,,,,,,,,,,,,,,,,,,,,,,,,,,,,,,,,,,,,,,,,,,,
167,167,5,-0.68577576,-0.76384795,0.70087314,0.0,0.07874119,0.0,0.82815266,0.49151462,0.40176386,0.0,-1.0682045140694059,-8.904464136816024,16.01995672865893,Extracted Data,3.4942868296639062e-06,0.006838823668658733,0.015578294172883034,0.061431437730789185,0.3536653518676758,0.12686926126480103,3.453527460806072e-05,3.4215605637655244e-07,7.909126225058571e-07,0.7085117101669312,0.6583949327468872,0.3787873089313507,0.36727529764175415,0.14179804921150208,0.046126317232847214,0.03622371703386307,0.1448340117931366,0.02313542179763317,0.02621694840490818,0.6582739353179932,0.7249667048454285,0.0003830831847153604,0.00012435548705980182,5.206553760217503e-05,0.10608789324760437,0.6174997091293335,6.236907211132348e-05,0.3507288992404938,0.008478565141558647,0.0008135957177728415,0.00013559588114731014,0.0003238474891986698,0.0073544858023524284,0.07145864516496658,0.0014630879741162062,0.0020282836630940437,0.0043977550230920315,0.003926969598978758,0.6058050394058228,4.1102306568063796e-05,0.04150906205177307,0.013556300662457943,0.011240257881581783,0.0038002317305654287,1.8384818758931942e-05,1.3891620255890302e-05,3.8873575249454007e-05,0.002144177444279194,2.4239463527919725e-05,1.1702107258315664e-05,6.936072622920619e-07,6.785188020330679e-07
168,168,4,-0.66218156,-0.64818126,0.88534635,0.0,0.71199524,0.0,0.15354678,0.41475582,0.061213046,0.0,,,,No MP Data,,,,,,,,,,,,,,,,,,,,,,,,,,,,,,,,,,,,,,,,,,,,,,,,,,,,
169,169,4,-0.6192369,-0.64818496,0.92088985,0.007979079,0.123355165,0.0,0.46980986,0.5042433,0.12670371,0.0,,,,No MP Data,,,,,,,,,,,,,,,,,,,,,,,,,,,,,,,,,,,,,,,,,,,,,,,,,,,,
170,170,4,-0.5472484,-0.45175716,0.5278584,0.00010377574,0.044121623,0.005427696,0.8272407,0.7712748,0.042629696,0.0,,,,No MP Data,,,,,,,,,,,,,,,,,,,,,,,,,,,,,,,,,,,,,,,,,,,,,,,,,,,,
171,171,4,-0.6290046,-0.6624627,0.92521816,0.0,0.12817693,0.0,0.7452609,0.45262107,0.023911595,0.0,,,,No MP Data,,,,,,,,,,,,,,,,,,,,,,,,,,,,,,,,,,,,,,,,,,,,,,,,,,,,
172,172,2,-0.6534006,-0.5759703,0.19086061,0.0,0.9364877,0.016821498,0.6526172,0.94881773,0.38100064,0.0,,,,No MP Data,,,,,,,,,,,,,,,,,,,,,,,,,,,,,,,,,,,,,,,,,,,,,,,,,,,,
173,173,2,-0.5864538,-0.51653385,0.13341558,0.0,0.3945999,0.012881089,0.8445476,0.9217018,0.06203152,0.0,,,,No MP Data,,,,,,,,,,,,,,,,,,,,,,,,,,,,,,,,,,,,,,,,,,,,,,,,,,,,
174,174,4,-0.6247685,-0.6333225,0.86498,0.0,0.67595726,0.0,0.35374495,0.5388864,0.64278716,0.0,,,,No MP Data,,,,,,,,,,,,,,,,,,,,,,,,,,,,,,,,,,,,,,,,,,,,,,,,,,,,
175,175,4,-0.60042775,-0.52473664,0.6111074,0.03089172,0.09513526,0.0,0.03709398,0.650602,0.83475953,0.0,,,,No MP Data,,,,,,,,,,,,,,,,,,,,,,,,,,,,,,,,,,,,,,,,,,,,,,,,,,,,
176,176,4,-0.6489132,-0.7553158,0.50821334,0.0,0.0420698,0.0,0.35721433,0.23965585,0.1607554,0.0,,,,No MP Data,,,,,,,,,,,,,,,,,,,,,,,,,,,,,,,,,,,,,,,,,,,,,,,,,,,,
177,177,4,-0.48843002,-0.3029295,0.5296536,0.0,0.006184962,0.01122089,0.28787723,0.8908812,0.6258667,0.0,,,,No MP Data,,,,,,,,,,,,,,,,,,,,,,,,,,,,,,,,,,,,,,,,,,,,,,,,,,,,
178,178,4,-0.6130799,-0.5845306,0.9253169,0.0,0.8056283,0.0,0.7267558,0.36523113,0.011623073,0.0,,,,No MP Data,,,,,,,,,,,,,,,,,,,,,,,,,,,,,,,,,,,,,,,,,,,,,,,,,,,,
179,179,4,-0.9417811,-1.0187287,0.8101547,9.760555e-06,0.12938637,0.0,0.28639618,0.18832302,0.014844724,0.0,,,,No MP Data,,,,,,,,,,,,,,,,,,,,,,,,,,,,,,,,,,,,,,,,,,,,,,,,,,,,
180,180,4,-0.55929816,-0.5711622,0.75970685,0.023044292,0.031081913,0.0,0.011069674,0.29860398,0.096786544,0.0,,,,No MP Data,,,,,,,,,,,,,,,,,,,,,,,,,,,,,,,,,,,,,,,,,,,,,,,,,,,,
181,181,4,-0.7135253,-0.7744577,0.8675914,0.00011547725,0.07949677,0.0,0.107978895,0.007124406,0.3943057,0.0,,,,No MP Data,,,,,,,,,,,,,,,,,,,,,,,,,,,,,,,,,,,,,,,,,,,,,,,,,,,,
182,182,5,-0.40872157,-0.15971802,0.15182766,0.0,0.020813825,0.00059940194,0.31685773,0.02144042,0.48738167,0.0,,,,No MP Data,,,,,,,,,,,,,,,,,,,,,,,,,,,,,,,,,,,,,,,,,,,,,,,,,,,,
183,183,3,-0.23405889,0.013642013,0.45180315,0.0,0.0,0.0067226095,0.0005015131,0.4793471,0.07271752,0.0,,,,No MP Data,,,,,,,,,,,,,,,,,,,,,,,,,,,,,,,,,,,,,,,,,,,,,,,,,,,,
184,184,5,-0.29508215,-0.054170348,0.002022367,0.0,0.0028380314,0.0013114247,0.024417626,0.11089373,0.058120932,0.0,-3.3251328001462475,-17.996138585145996,7.590798173885076,Extracted Data,1.7933226672539604e-06,0.0013341348385438323,0.001403197180479765,0.21955177187919617,0.5957577228546143,0.36452245712280273,1.1432568499003537e-05,5.078064759800327e-07,1.914040694828145e-06,0.6896204948425293,0.5633297562599182,0.5887575149536133,0.549602746963501,0.08605261892080307,0.13183151185512543,0.0830538347363472,0.03622201830148697,0.005387109704315662,0.015164561569690704,0.4782528877258301,0.7418073415756226,0.0002719478798098862,0.00028126713004894555,4.031119533465244e-05,0.016350608319044113,0.3974081575870514,0.0011296930024400353,0.02932850830256939,0.07359988987445831,0.0005306521197780967,3.417906191316433e-05,0.00015474892279598862,0.011455603875219822,0.0053388383239507675,0.0008599470602348447,0.0024144023191183805,0.009739791974425316,0.0015454853419214487,0.8006351590156555,0.0006649041315540671,0.04542749747633934,0.023354854434728622,0.004911820404231548,0.002677852287888527,7.530517905252054e-06,4.541013367997948e-06,1.3516936633095611e-05,0.004772569518536329,8.910933502193075e-06,2.7374755973141873e-06,2.629744358273456e-06,4.1645807868917473e-07
